category,Customers,Churned,Churn_Rate,Mature_Customers,Repeat180_Mature,Revenue,Avg_Monetary,Avg_Review,Avg_Delivery_Days,Late_Rate
bed_bath_table,8745,5088.0,0.5818,5413,0.0501,1228088.48,140.4332,4.0071,12.9224,0.0743
health_beauty,8357,4214.0,0.5042,4392,0.0326,1411371.87,168.885,4.2303,12.0476,0.075
sports_leisure,7201,4324.0,0.6005,4547,0.0407,1118883.68,155.3789,4.2271,12.2414,0.0667
computers_accessories,6300,3678.0,0.5838,3836,0.0326,1030049.86,163.5,4.085,13.1076,0.064
furniture_decor,5904,3532.0,0.5982,3755,0.0469,878901.43,148.8654,4.0779,13.1296,0.0735
housewares,5497,2834.0,0.5156,2939,0.0262,762551.15,138.7213,4.1991,11.0655,0.0546
watches_gifts,5319,2569.0,0.483,2648,0.0215,1257416.62,236.4009,4.1215,12.7882,0.0752
telephony,3986,2536.0,0.6362,2611,0.0207,385058.36,96.6027,4.0543,12.9207,0.072
auto,3703,1857.0,0.5015,1908,0.0204,670740.82,181.1344,4.1477,12.2785,0.0743
toys,3685,2566.0,0.6963,2646,0.0227,547795.41,148.6555,4.2417,11.6097,0.0635
cool_stuff,3472,2537.0,0.7307,2589,0.0135,690087.98,198.7581,4.226,12.3413,0.0596
garden_tools,3317,2223.0,0.6702,2309,0.0273,565185.15,170.3905,4.1939,13.6232,0.0669
perfumery,2986,1918.0,0.6423,1988,0.0262,444879.1,148.9883,4.2634,11.8771,0.0656
baby,2688,1456.0,0.5417,1504,0.0253,466657.53,173.6077,4.1198,12.699,0.083
electronics,2459,1373.0,0.5584,1410,0.0206,202840.95,82.4892,4.134,12.8215,0.0756
stationery,2194,1339.0,0.6103,1375,0.0204,271398.2,123.7002,4.2996,12.7703,0.0661
fashion_bags_accessories,1692,1073.0,0.6342,1154,0.0546,180558.53,106.7131,4.2378,11.1034,0.0567
pet_shop,1630,795.0,0.4877,832,0.0337,250639.88,153.7668,4.2657,11.3411,0.0521
unknown,1334,993.0,0.7444,1024,0.0234,204133.08,153.0233,4.0347,12.7024,0.0727
office_furniture,1228,765.0,0.623,790,0.0278,338008.61,275.2513,3.647,20.6205,0.0798
consoles_games,995,725.0,0.7286,739,0.0162,168540.52,169.3875,4.18,13.7729,0.0623
luggage_accessories,988,685.0,0.6933,703,0.0171,167836.49,169.875,4.3777,10.8198,0.0405
musical_instruments,597,316.0,0.5293,323,0.0124,201227.09,337.0638,4.2403,13.0771,0.0754
small_appliances,594,358.0,0.6027,368,0.0245,196893.97,331.4713,4.2615,10.9495,0.0471
