customer_state,Customers,Churned,Churn_Rate,Mature_Customers,Repeat180_Mature,Revenue,Avg_Monetary,Avg_Review,Avg_Delivery_Days,Late_Rate
SP,39144,21285.0,0.5438,22234,0.034,5770600.3,147.4198,4.2439,8.6997,0.0453
RJ,11913,7242.0,0.6079,7559,0.0315,2055408.28,172.5349,3.9619,15.2237,0.1209
MG,10998,6501.0,0.5911,6762,0.03,1819516.8,165.4407,4.1899,11.9604,0.046
RS,5167,3131.0,0.606,3265,0.0309,861823.88,166.7939,4.1827,15.2635,0.0616
PR,4768,2747.0,0.5761,2857,0.0291,782302.52,164.0735,4.2359,11.9459,0.0409
SC,3444,2120.0,0.6156,2189,0.0224,594392.77,172.5879,4.133,14.9373,0.0822
BA,3158,1859.0,0.5887,1928,0.029,591580.2,187.3275,3.9297,19.2964,0.1219
DF,2018,1121.0,0.5555,1166,0.0317,346246.47,171.579,4.1362,12.8489,0.055
ES,1927,1152.0,0.5978,1199,0.0325,317549.4,164.7895,4.0735,15.7208,0.1085
GO,1894,1143.0,0.6035,1188,0.0311,334739.02,176.7365,4.0956,15.5554,0.0665
PE,1548,910.0,0.5879,940,0.0266,308941.68,199.5747,4.0726,18.4393,0.0975
CE,1257,779.0,0.6197,795,0.0176,266376.16,211.9142,3.9436,21.2705,0.1392
PA,922,591.0,0.641,611,0.0262,212027.55,229.9648,3.9154,23.6616,0.1106
MT,855,524.0,0.6129,547,0.0366,181435.86,212.2057,4.1519,18.0175,0.062
MA,698,462.0,0.6619,474,0.0169,147273.01,210.9929,3.8218,21.5344,0.1762
MS,681,396.0,0.5815,413,0.0387,134461.79,197.4476,4.148,15.5859,0.0984
PB,504,302.0,0.5992,311,0.0257,138236.79,274.2793,4.0762,20.4206,0.1052
RN,464,286.0,0.6164,295,0.0237,100728.3,217.0869,4.1345,19.3147,0.0948
PI,464,283.0,0.6099,290,0.0207,105272.17,226.8797,3.9869,19.4397,0.1401
AL,387,247.0,0.6382,255,0.0235,94195.79,243.4,3.8516,24.5478,0.2145
SE,327,214.0,0.6544,220,0.0182,70134.1,214.4774,3.9018,21.5474,0.1529
TO,267,158.0,0.5918,165,0.0303,60007.37,224.7467,4.1729,17.5393,0.0936
RO,230,150.0,0.6522,158,0.038,56847.8,247.1643,4.2052,19.2478,0.0304
AM,140,87.0,0.6214,90,0.0222,27596.18,197.1156,4.2446,26.6643,0.0286
AC,76,56.0,0.7368,60,0.05,19586.25,257.7138,4.1447,20.4605,0.0263
AP,66,39.0,0.5909,40,0.025,16141.81,244.5729,4.2308,27.2879,0.0303
RR,40,24.0,0.6,24,0.0,9039.52,225.988,3.875,29.85,0.125
