Dimension,Bucket,Customers,Repeat180,Churn_Rate_Raw,Avg_Review
Giao_hàng,≤7 ngày,13980,0.0328,0.9573,4.3974
Giao_hàng,8–14 ngày,23243,0.0317,0.9592,4.305
Giao_hàng,15–21 ngày,10909,0.0302,0.9617,4.1246
Giao_hàng,>21 ngày,7901,0.028,0.9668,3.1048
Giao_trễ,Đúng hạn / sớm,52211,0.0314,0.9596,4.2654
Giao_trễ,Trễ 1–7 ngày,2025,0.0281,0.9684,2.6241
Giao_trễ,Trễ >7 ngày,1797,0.0267,0.9694,1.6612
Đánh_giá,1 sao,5589,0.0302,0.9648,1.0
Đánh_giá,2 sao,1800,0.0344,0.96,2.0033
Đánh_giá,3 sao,4866,0.0321,0.9626,3.0
Đánh_giá,4 sao,11185,0.0293,0.9621,4.0005
Đánh_giá,5 sao,32174,0.0316,0.9585,5.0
Đánh_giá,Không đánh giá,419,0.031,0.9618,
