Feature,Mean |SHAP|
max_installments,0.019736539346213944
log_order_value,0.017508225941511663
freight_ratio,0.013436754862195817
item_count,0.007948979821546824
delivery_days,0.007888000975937778
delay_days,0.007778765015943815
region_Southeast,0.006787256790317022
region_Northeast,0.006077687041554556
region_South,0.005966665253088721
avg_review_score,0.0040904322904277025
region_Central-West,0.0013583593448028663
used_voucher,0.0011339844520088587
region_North,0.00038691033448250405
has_review,0.00014045003609772529
